BusinessEntityID,Territory,SalesYTD,SalesLastYear
276,Southwest,4251368.5497,1439156.0291
289,United Kingdom,4116871.2277,1635823.3967
275,Northeast,3763178.1787,1750406.4785
277,Central,3189418.3662,1997186.2037
290,France,3121616.3202,2396539.7601
282,Canada,2604540.7172,2038234.6549
281,Southwest,2458535.6169,2073505.9999
279,Southeast,2315185.6110,1849640.9418
288,Germany,1827066.7118,1307949.7917
284,Northwest,1576562.1966,0.0000
283,Northwest,1573012.9383,1371635.3158
278,Canada,1453719.4653,1620276.8966
286,Australia,1421810.9242,2278548.9776
280,Northwest,1352577.1325,1927059.1780
274,Unassigned,559697.5639,0.0000
287,Unassigned,519905.9320,0.0000
285,Unassigned,172524.4512,0.0000
